,Id,predic
0,109,180230.48596189547
1,544,232321.84275839146
2,153,137300.01996417536
3,318,147140.35216401843
4,255,141412.76433160857
5,138,214824.64895174312
6,2827,161160.56609387725
7,145,138968.22841044277
8,1942,102973.356785418
9,1956,201440.42994317174
10,1044,89175.6758566993
11,2752,187342.824662963
12,807,155182.34877123957
13,1177,202856.3424757074
14,1480,198335.76631259528
15,324,195128.95505091688
16,1311,99790.7050369288
17,770,136678.23228481034
18,2063,147593.46450760972
19,69,205620.09014424717
20,2062,119364.87526058577
21,351,275499.0666492828
22,2393,323132.13532471826
23,12,174685.72887678392
24,2339,136895.04819287657
25,624,188483.29409950253
26,86,142366.4720703934
27,1534,175964.16480700782
28,2243,121634.29190150673
29,1957,114115.09764808766
30,380,305117.5611084518
31,2860,200246.32393618743
32,2517,248164.97909528844
33,1933,121610.43454826856
34,820,291681.54736116435
35,675,134534.15883468953
36,2910,133928.62949707714
37,21,209890.60265455488
38,1873,170583.46856615113
39,2125,153711.2628662627
40,1489,153128.75173674343
41,2383,415060.2533986375
42,983,170422.68641781007
43,1325,155250.73309026545
44,1378,129295.84062458968
45,1537,225507.92468498775
46,905,140567.06165573513
47,1532,163447.58026897517
48,132,123480.151203503
49,1078,189877.4598730951
50,2511,172094.55747926026
51,912,152779.11463679935
52,2351,272844.548780484
53,330,92452.22134702676
54,2586,149580.86174343707
55,224,149236.0331647237
56,98,161432.20619002407
57,2565,111548.37158364059
58,1934,130328.86000692596
59,997,180801.8400249234
60,64,283599.74188159715
61,1799,311980.3268999585
62,230,237400.1232043305
63,1295,151891.69074510352
64,638,142798.08150583258
65,2278,150803.646840645
66,2202,151360.08381102092
67,2833,156493.8280509617
68,1707,374769.24730568647
69,2428,207806.8735103751
70,242,258245.84010258724
71,1564,288474.6002924208
72,2613,157537.38997765855
73,2832,154813.19954861022
74,2459,221594.50106116154
75,1360,95359.42884906608
76,2723,109676.84673089907
77,1350,58439.02519945921
78,136,168665.61491357186
79,2235,126298.31766410587
80,1993,112256.15925193751
81,367,447185.61050283106
82,1309,135411.12506658403
83,402,120287.0921939459
84,1592,173345.99595334736
85,2409,322982.2345099668
86,539,188505.99803608743
87,1940,123853.13207180957
88,588,149370.00650926074
89,96,159800.18053445875
90,1187,179969.31606920704
91,2154,229670.76947962272
92,550,182324.86804799145
93,811,113723.29298170675
94,124,164769.03006540632
95,1836,201538.5192297409
96,779,150694.71878936468
97,1886,113543.65705314181
98,1724,318622.37626275787
99,2450,294022.1405615922
100,1013,405843.73419261724
101,2084,78774.20561906324
102,1184,293307.8607622647
103,728,24654.085287197493
104,950,230181.006286119
105,2524,145448.23112795822
106,2513,170958.24971771328
107,2028,176010.3266823269
108,2309,251980.32075486245
109,51,189885.68120685438
110,699,139262.55740746873
111,1881,131102.86589514866
112,1345,148107.08216111953
113,166,152887.62481730108
114,781,22791.08277298769
115,379,186508.1398436067
116,2818,168634.23754838994
117,1168,258472.45286977105
118,1396,157400.43726489728
119,838,199005.4556953645
120,1492,122260.95890048462
121,637,132716.655782411
122,1826,126508.51108902322
123,173,101225.88495571734
124,715,116073.94520460034
125,1183,285196.6977118613
126,2433,206956.2617079507
127,2866,192241.5124154711
128,2311,184737.78697190128
129,1551,142171.75801196124
130,1049,130833.46652650122
131,657,142742.14248654968
132,414,136011.10144462183
133,1181,273837.0996107987
134,1514,92604.84745810008
135,1040,96961.66185753851
136,216,86708.3158790809
137,1720,232013.01813010318
138,2331,489647.02606345597
139,204,155793.65778657104
140,19,104379.19577061501
141,2438,194974.039354499
142,89,138965.982979068
143,240,148778.1164115986
144,105,275741.2534014494
145,2020,143402.95436271472
146,888,197241.43005361714
147,1019,188663.5632623097
148,2132,220960.40749142566
149,203,143474.591441454
150,420,157033.60793861077
151,2333,417273.01831664395
152,632,186268.15052040303
153,2800,227786.64644472263
154,1885,119419.43488866786
155,1734,188938.61488141608
156,2327,182961.43713182374
157,1282,193575.12770641668
158,2688,107287.27913441946
159,2581,134684.44088195552
160,2067,149655.76675499362
161,2115,224272.7316254211
162,754,72227.57593849409
163,1079,203537.85240268137
164,2615,116009.69124208594
165,329,88506.74672564883
166,1320,122129.89900418851
167,416,139674.004126451
168,284,79917.85625047855
169,1385,148271.27757918352
170,275,102158.66868806447
171,2024,140982.5058896418
172,68,202921.12486598387
173,1910,157345.81833080394
174,381,177860.31230687205
175,1323,202775.67983155107
176,2432,187501.49183934715
177,777,127270.09767596883
178,1107,306904.7587868132
179,30,95248.57484502307
180,282,135692.62712883102
181,188,155813.68849762774
182,2356,140584.95771555812
183,1554,48284.82850133447
184,1464,210849.43939269913
185,2469,186071.00468518568
186,1834,308019.84984610847
187,1779,249338.3745806329
188,2569,218043.7481670992
189,2334,395897.75897778943
190,2330,429931.9354753435
191,2119,259261.70887452754
192,988,215607.5469646355
193,382,163533.25179110726
194,670,204196.11948635877
195,2760,310455.3469310534
196,543,216154.5579458647
197,2835,102617.95630998681
198,1735,198967.24422798847
199,448,432003.1238967407
200,2287,94138.96672626167
201,524,347665.3748623213
202,1767,257755.83742354592
203,2206,176749.6504972904
204,1740,193734.87670207847
205,199,117954.08284452734
206,2214,238065.43415355682
207,323,152045.41637013244
208,2421,200001.5636838391
209,952,183713.72421801556
210,24,159201.75828463514
211,1139,174252.3345630331
212,518,233829.8429149006
213,1390,142729.11627954763
214,277,160180.79587682532
215,54,188518.53129119947
216,649,144795.88087069156
217,2600,78937.01688961491
218,617,170128.15131143742
219,2209,118026.78875483508
220,2814,182813.67598214652
221,2542,124924.74846193023
222,2323,314863.0461727169
223,1393,208937.43978997745
224,490,162175.13922228495
225,542,161590.9295575273
226,973,182405.46735926956
227,1012,327513.2587535598
228,2218,126709.62527324272
229,2033,200310.27711739982
230,1071,373151.5684411173
231,1583,203469.4276256475
232,2858,178942.6261927262
233,2265,175838.07074804697
234,1088,202419.33231964876
235,698,121101.07240939513
236,1896,213744.52784473097
237,628,213878.43477512462
238,1212,156451.7898503153
239,2864,188513.62097796792
240,2740,156760.43177888892
241,2560,162804.86830525126
242,1716,199300.91929503484
243,1130,218529.7492529494
244,201,112715.74025482663
245,2886,222032.21495730634
246,2328,258534.5823793533
247,2583,151659.67821924313
248,1206,105518.18475942563
249,2242,41978.6342208836
250,1105,290879.7567326441
251,121,145262.42689143572
252,1223,75914.65036563549
253,265,242622.5854699331
254,2813,213786.29986455836
255,1294,125560.32701994141
256,2745,87145.701164987
257,1094,221790.21628393137
258,651,100017.45096765706
259,198,137257.36289540606
260,131,76589.86786755853
261,1258,91675.55266479745
262,1599,145868.10729267832
263,1508,102243.328819015
264,615,86129.5113684712
265,1815,186097.46632593506
266,2712,131815.83844133353
267,2051,105624.85573036245
268,1863,231899.9247964699
269,2510,147185.03026951975
270,1069,344007.9226457762
271,336,136884.11199284796
272,2417,182406.95141787236
273,1962,135303.04368722756
274,372,178900.69415685072
275,2578,153500.16224852085
276,2824,142868.56345085567
277,471,194688.82448422356
278,1544,145174.0858108985
279,2141,118124.53254351328
280,2008,104058.029662172
281,1075,366670.1304100563
282,34,141337.78830472069
283,847,188361.74041658058
284,1629,165135.27636694993
285,2073,190080.9627596248
286,960,380185.29468222754
287,955,180745.3249484371
288,2476,193889.1783855921
289,1590,205679.752907947
290,2913,162036.15186067077
291,149,110602.39168125541
292,2525,185391.081379953
293,1470,139596.72417806266
294,412,129045.09000804892
295,1399,186865.88272851848
296,183,108151.18473597865
297,974,105645.35002302962
298,930,158033.28930197257
299,881,194195.4135530702
300,1180,217093.78799368633
301,1553,165391.25615842905
302,928,171035.48331216784
303,1512,115451.5475964234
304,3,156981.32566089518
305,2140,126170.4069696244
306,553,82238.58961314325
307,2594,137589.24942085744
308,1314,161634.55962677224
309,366,217839.6117599824
310,1462,292002.7085316944
311,2541,187334.38879351766
312,2088,106389.97243883736
313,527,213156.19322245577
314,1824,145770.45979330727
315,2918,82004.00196205887
316,49,333241.7752005691
317,2332,371225.0707219637
318,826,285481.3618427537
319,1108,264859.80552603037
320,2041,123439.10620708718
321,57,197221.9458144633
322,520,199436.09576653663
323,2305,118816.24871054944
324,2533,128709.9545244299
325,2852,147259.02061628186
326,1198,155899.24274458815
327,1681,118672.76966572227
328,1773,373479.75222790416
329,1825,142449.4600562171
330,2208,135951.04999832288
331,1646,197162.15560530548
332,1060,444450.62799125677
333,748,178492.33195958033
334,2846,131270.63385047572
335,493,221147.6796534955
336,694,138689.18320062806
337,2283,191805.81054265084
338,1800,307083.2663071038
339,1632,181581.696639186
340,2624,126860.32760483127
341,2197,160995.95433551696
342,1045,91515.82275682333
343,2549,126846.14870760129
344,2829,154813.19954861022
345,2480,195307.80068254564
346,2724,139843.55389972412
347,2352,164713.9902209597
348,1783,286625.50563452137
349,338,140513.40161855513
350,196,134869.65878925537
351,762,94164.28872376116
352,151,113684.5293298806
353,158,136294.96099259902
354,2572,136885.60192957317
355,1686,358344.7267815715
356,943,84415.98510036702
357,735,143349.93915793032
358,2741,138236.48670519388
359,1106,322121.67389451165
360,2375,153616.86381114117
361,1701,378741.23545496655
362,2657,65103.7988054242
363,907,129529.69788076598
364,1777,254881.0845757682
365,164,135787.38631763903
366,1973,117274.84688735822
367,2857,107900.91837319882
368,1208,144078.4094705244
369,319,281207.04307902534
370,2567,158798.188222498
371,2222,182319.93919332046
372,2493,124562.9986060001
373,1757,164684.33700542717
374,184,166016.55431819585
375,1248,116039.41553237636
376,2574,151182.2279183012
377,1215,128963.26893912675
378,1614,288091.23531206255
379,2039,104441.66068536633
380,2669,114347.94355997538
381,1005,177898.0102933577
382,753,146360.80643343308
383,1275,122103.06262170308
384,2350,204746.3384049599
385,2762,237974.5962588947
386,2788,121323.68768455205
387,2384,282574.08877090475
388,2716,169944.80289769958
389,313,161280.02317207723
390,84,139077.06490684088
391,81,147884.92711700388
392,2389,317452.40762160963
393,280,154581.66673299062
394,190,135531.91776986606
395,2371,96515.30825662315
396,213,100450.98396533159
397,1864,141868.2864635912
398,37,381278.07933595125
399,146,157269.36044082322
400,809,155418.31853393148
401,767,120199.42333882535
402,262,125635.78868321268
403,101,168724.70163752566
404,48,311323.91038005793
405,489,182071.95637460033
406,2369,101271.95713440205
407,707,98710.45762552055
408,1556,99143.63571612047
409,2034,122636.81608966719
410,308,88061.47077518108
411,2176,162214.84273849448
412,1549,115583.31928018607
413,909,143553.61026060235
414,892,337505.73737772496
415,2045,223616.4227078352
416,2927,126568.06407059755
417,1732,188462.37834845003
418,998,177814.61850414387
419,2203,138837.95860515832
420,356,192901.1236178588
421,2475,184122.84000504858
422,2264,259770.37960379824
423,2201,162300.18263151724
424,2545,180830.53219575383
425,2660,172334.43797163272
426,2882,95516.35681188977
427,1379,152579.84383954178
428,491,252750.17400220534
429,1002,229819.4258433227
430,1848,151289.03499151667
431,1455,239116.42036652673
432,908,32583.144282816793
433,1490,140129.4049834443
434,1465,235258.97494624965
435,1627,159422.43796550896
436,2849,124269.43516502983
437,1501,72151.59432051792
438,626,222949.05543846084
439,722,149491.74309660908
440,2260,230656.64550252995
441,1639,173854.14599175434
442,1603,124357.45832344347
443,1520,161678.10988959178
444,1665,185232.37531165438
445,2635,92991.78767306877
446,581,178766.2880546183
447,2435,227870.89371896675
448,2799,215228.27121663914
449,883,185438.62675431502
450,2537,135931.59038948506
451,1120,236187.06964981626
452,774,143310.7777947188
453,1447,150431.0225745326
454,104,147887.8524174767
455,2694,125152.57152539847
456,920,167250.10149724197
457,1951,131139.02873105288
458,9,252302.7085947616
459,2848,139967.5185767854
460,614,116611.4091329547
461,1736,199350.25896155508
462,2686,87461.04993708295
463,2257,273998.85543520993
464,1284,134826.83817204402
465,1765,371093.0704778614
466,1811,189148.89415876954
467,2603,130027.91729715012
468,2220,221631.09093857123
469,2273,272112.9345556245
470,163,165673.1630573256
471,2116,342263.9260074167
472,2734,123939.3614858851
473,426,258730.25299288335
474,2216,167802.81860113965
475,2900,300897.24768237426
476,97,148210.46162126155
477,1680,119677.96033735483
478,1133,197628.10405559946
479,2761,234131.1292155787
480,1642,380247.2122385253
481,1141,185126.93165610245
482,2118,215437.76643067758
483,870,244508.19626625752
484,1875,133602.9638390364
485,155,99056.77322464115
486,1318,130529.15056419864
487,1285,78278.05487766734
488,2400,355358.55466516124
489,1068,343393.15734319144
490,361,169205.039171428
491,1493,136494.69461024296
492,1110,305215.62552143994
493,911,115698.07734483814
494,2535,153638.3371158511
495,2030,86190.54543461696
496,2634,99317.29342375419
497,1530,130121.08032302695
498,435,342234.6768353125
499,812,115045.55274618222
500,1202,175830.28891953055
501,666,59691.18652836706
502,1751,195349.66665471383
503,705,75059.55067804876
504,1744,230786.1438507232
505,357,175388.07142470247
506,2133,213786.31568681003
507,989,194349.99801313254
508,562,111333.51156328831
509,1054,417998.6800583574
510,2850,169411.74608316258
511,1082,202281.01884061983
512,1440,197202.69362908843
513,2006,125250.61313276424
514,2082,80661.2644616067
515,2344,231457.97125171137
516,248,229170.36647661068
517,2276,376529.29241464246
518,755,153204.62300646363
519,1178,330522.4377448129
520,2636,169914.36247619186
521,2077,93038.48786640872
522,2930,215525.57281092345
523,737,133989.32398473067
524,837,153254.2875212346
525,2086,144707.5640142378
526,2385,405056.9183243696
527,189,113480.07270131406
528,635,168633.1023604512
529,432,411659.7235519374
530,900,135732.43941264084
531,966,223400.2472448639
532,1612,185774.87271714373
533,904,129430.91599824815
534,2487,157489.19890368383
535,1304,122180.13192077917
536,2112,214296.2521342671
537,1244,142095.85326027567
538,843,193068.70708324842
539,2689,138777.0357379616
540,2753,213412.51553519652
541,1169,231997.55114543793
542,1376,114918.79507449658
543,2503,260360.06057755326
544,1987,131135.99649418515
545,1190,203980.9107765064
546,1930,133866.40270377445
547,2677,110922.7398407797
548,1256,113738.74645452677
549,2484,113674.99799260404
550,1253,111650.82255869046
551,1337,120868.91000157862
552,1788,227819.3675673311
553,141,130480.73511361936
554,1669,99783.51469987902
555,1366,100010.47583289661
556,52,181356.37170875247
557,1380,113268.09356862484
558,919,229392.81019315205
559,2804,143559.91180832937
560,782,157244.377820349
561,956,161856.06450860488
562,187,120817.33248943454
563,2074,218680.26814490487
564,1039,170297.23285590773
565,1210,188736.44265267818
566,2710,169479.77801962386
567,44,227041.09505412736
568,1026,189669.73031792717
569,1343,108320.10975991427
570,2248,174246.13688198698
571,1849,178167.48749973916
572,2076,150879.86534060986
573,2641,189831.7944462021
574,5,180862.5878756136
575,878,142163.46603948643
576,1548,125013.89792410607
577,841,149295.26845002736
578,1621,269498.02068820165
579,218,136518.89752897428
580,1504,66210.38066694317
581,946,46449.22138502079
582,455,217270.9946006679
583,2906,174663.43427691353
584,2878,152616.33841255924
585,1173,160020.65142297
586,985,148871.49981342128
587,975,115360.57658236352
588,202,144478.11931511905
589,528,260143.58015812875
590,2579,141074.487754164
591,1841,199955.60546141147
592,591,169997.93553306715
593,1897,180410.52557089803
594,70,240353.04211411937
595,590,247208.8242430799
596,1172,258860.60493757602
597,1714,256687.0368783347
598,829,214557.13797918687
599,1397,129681.73882613482
600,877,209001.46528206626
601,2477,182733.5941177006
602,2871,152064.77185948912
603,2489,135208.16031352937
604,1655,183087.46729488246
605,1891,161907.3941690689
606,1419,246932.19188397512
607,1473,215911.33078895332
608,2868,230092.37468814926
609,1695,296669.4279253563
610,2244,135105.27266595804
611,169,167882.4163384665
612,2670,69060.01355495084
613,247,223307.038486985
614,2137,141759.55967043032
615,1794,222601.9436639289
617,1164,162029.34891306973
618,1179,243750.91018789436
619,1340,112106.66091252542
620,436,322431.84198597237
621,1636,355971.0961965108
622,421,378677.9340631002
623,457,453040.4012609804
624,2834,94937.15174423365
625,517,202870.65184368732
626,1566,206396.61152127443
627,1439,192534.90973143082
628,2577,163898.3162307395
629,2241,135229.398424223
630,71,228971.05356658064
631,1143,201094.20162250052
632,1021,259109.50028649732
633,1416,112027.6380207073
634,35,110030.36201455949
635,2904,77819.53315180354
636,2174,113458.20800362239
637,522,351306.2776115295
638,2211,171745.88487318408
639,1539,226557.9027333159
640,2420,203115.08946200743
641,2779,216029.01463804604
642,953,125069.39200783701
643,658,98387.4657571495
644,714,111834.010862835
645,1637,359437.87440110714
646,538,236922.72090499767
647,546,203418.0899422538
648,533,207425.85060392786
649,718,169566.4265893511
650,1830,147485.71729837358
651,2929,164041.09554044213
652,2207,117755.06499890277
653,1417,85487.19648236113
654,2787,135192.95062383005
655,1037,119384.63794397148
656,2659,113630.4685281575
657,1567,156958.13714797935
658,1225,129346.63260824497
659,685,149772.71479171235
660,1358,165184.07244103772
661,1461,260285.10259370063
662,221,109548.4358926266
663,2187,98372.222021003
664,2504,252090.4110251813
665,855,129448.04224500131
666,2258,170958.38651106082
667,2205,149402.96982081124
668,1158,273650.26543371344
669,1741,195476.5971993877
670,2735,207203.972314477
671,1888,140887.95980604563
672,2121,134134.40783256176
673,1176,201878.09335213216
674,2773,145123.737322526
675,2619,200656.54578134633
676,1796,239914.38971283386
677,1598,113933.30140362379
678,1965,153248.79828444618
679,2651,93543.24012802263
680,609,148568.55396273846
681,1990,191504.2182184325
682,1053,425993.20473368885
683,2877,99220.40599619297
684,497,312223.01164510765
685,514,413036.1400278935
686,759,144791.9043966635
687,2474,159323.987263862
688,1193,139518.52317292424
689,1415,132817.5608478619
690,2048,108913.07617201956
691,2483,151896.34221237738
692,2883,56779.62030226752
693,1111,225843.56516521983
694,2072,324424.231051915
695,1450,169092.41866839794
696,274,51935.23639758506
697,413,130019.05431259813
698,751,195541.64191821244
699,2897,204908.99917406932
700,207,50621.73898008693
701,2269,211993.23700626634
702,891,160218.34512416372
703,2863,230927.68563787208
704,1298,66002.74198776425
705,1292,96293.00858492932
706,1687,318177.9934592117
707,2749,217551.4603670872
708,2875,39679.352958200965
709,1029,174302.07864786734
710,1581,196132.08847097543
711,612,131321.70533143784
712,139,137788.6501362522
713,1335,163438.8566213965
714,2531,143438.07605352288
715,681,128591.30247688139
716,1383,152116.26535923392
717,1359,137901.11792954514
718,1226,146677.5331619849
719,63,326568.5711318031
720,1869,204885.59064128587
721,2468,203749.06916260722
722,1135,163242.65487013676
723,719,153040.74485542095
724,405,94897.0174776786
725,2506,196079.90073731
726,2380,379634.5486234374
727,1565,252903.07069382083
728,1727,214576.7899481489
729,1661,205128.12613817703
730,1967,167740.15073160952
731,2267,211870.61957492965
732,1389,137912.73104647585
733,2553,134550.98321249156
734,1459,228832.8782491496
735,1739,192113.61106526674
736,172,95786.22964113086
737,788,110909.40025626923
738,1979,99353.6224685031
739,1801,238844.99667605132
740,931,162787.77785150637
741,2471,153194.82679969637
742,2899,189022.5911053282
743,2544,166125.92499460207
744,1386,129627.21111851628
745,315,185027.41917755335
746,1932,143790.3925430034
747,1660,198986.4582189327
748,2353,212280.90188324102
749,2139,121400.2293741974
750,1585,230342.48542685458
751,1602,119351.0866929736
752,2888,221502.84781517225
753,965,232532.69180417233
754,645,116440.96231665974
755,789,165997.20447720512
756,1015,368886.10690564336
757,1264,155813.84815787862
758,1972,105654.64803282465
759,1481,195068.03152468186
760,954,182519.45466213475
761,2499,281558.8090765339
762,824,216089.49666600622
763,2769,145403.97139056702
764,123,146600.27079688496
765,1862,214071.28659166573
766,1308,109202.82108593083
767,1758,162200.74665216845
768,2236,92584.34918969985
769,2912,128087.45468533269
770,2093,281263.3218415999
771,2128,196941.210708866
772,679,85487.00273542148
773,1313,150048.685257026
774,2534,175421.197377838
775,1273,151779.22642844002
776,219,120977.2047578675
777,133,170342.57130070124
778,38,288684.06737594807
779,2408,327087.8865198931
780,1575,286213.8035368748
781,1671,107889.12628150513
782,2000,153743.68429403324
783,2621,89159.83336875877
784,1996,144229.58219263575
785,1976,127220.13554487145
786,1861,318100.4983413627
787,1600,120723.45421835683
788,298,208990.32194231186
789,875,192913.39510641567
790,1205,98869.02982832516
791,763,157243.6379592579
792,512,246658.96360434967
793,592,222316.24160482053
794,1255,82546.10880748373
795,355,197627.96419629015
796,1676,110517.31690982853
797,2599,62672.01130368571
798,312,222364.97768149685
799,1124,207582.98061296353
800,1702,450723.3234601016
801,2434,192375.4687672259
802,1432,157453.4125822312
803,689,133842.86195261218
804,1349,138005.98979437858
805,1759,193080.14168050935
806,893,142461.7147361985
807,944,63092.441744163094
808,2109,219755.20948819566
809,316,215299.20314488857
810,2529,176764.22074996133
811,1448,166103.36513158635
812,871,233753.76748265035
813,142,179713.80663869833
814,1515,62091.36108486782
815,1970,209313.6679058406
816,572,177429.77215115333
817,2200,150206.66936776755
818,2147,249018.3715521427
819,249,162555.9923197869
820,162,139565.82698736535
821,664,113192.53592219383
822,1516,125851.86451520126
823,16,471734.97146982455
824,1808,156716.32575544654
825,425,329365.13337257114
826,1372,117995.26006571452
827,2495,126393.48095425339
828,661,150390.48248954822
829,1301,147770.8552678294
830,396,123750.36792064182
831,2663,151981.4930220114
832,50,218089.89772126896
833,886,180668.3282639523
834,696,93480.67808261098
835,2454,305322.5127182421
836,2106,197329.90700093756
837,353,252244.43438901147
838,441,307809.02406624815
839,2270,276323.1695383516
840,1924,122343.36923058581
841,1402,218990.2596460941
842,1070,348701.31447754765
843,2696,83034.17614564205
844,1840,215346.32080217113
845,1562,292531.7495062816
846,2426,187070.4461034173
847,1162,173632.8617001409
848,1874,131690.4230012738
849,111,204897.72142466975
850,1207,110437.83735472284
851,140,218606.60810371191
852,545,257219.01120701808
853,1338,158527.32807924776
854,2873,101477.41106418833
855,924,143573.10790584123
856,844,228434.97761134364
857,901,147728.1320279825
858,2195,219184.6939100236
859,2081,107772.03938619663
860,2774,216603.0182337468
861,2573,131301.1598480151
862,1793,227561.47246578778
863,882,210013.74246686933
864,2791,208997.76018253335
865,297,295069.4531092891
866,509,237276.45299897232
867,1115,273194.32054562186
868,773,129522.1483191401
869,732,134612.620294237
870,1552,97613.8249704922
871,226,161358.3795569255
872,2830,154813.19954861022
873,2238,75630.4060690456
874,982,137258.98908813784
875,1265,169896.95266492965
876,559,116841.67606693198
877,1203,230923.22235018227
878,2083,147329.42092573142
879,2130,215856.12599315494
880,2455,256029.7379772129
881,535,183148.23945331495
882,2019,131311.71099603936
883,2655,127113.54118210285
884,2391,375350.4065236895
885,154,101841.24592550402
886,999,208001.85241545958
887,1400,210360.50003998406
888,2807,209423.42156204206
889,516,201526.98563300588
890,1753,205343.56809393194
891,734,105141.14203722044
892,1209,168035.75307615835
893,1994,133109.71106097486
894,1901,130994.5798206031
895,2413,191334.82783932128
896,2630,141334.99113198667
897,1428,225796.90129004998
898,1271,157941.44040108236
899,2464,255150.41762600088
900,2653,137510.3144233458
901,1505,75290.26734203054
902,2110,222130.63234651467
903,2386,331138.0625780546
904,1086,175022.47789189502
905,1574,279103.32546796347
906,406,107730.51830095226
907,2757,247404.01338247833
908,2559,154802.52815916372
909,1469,142047.93089527037
910,407,118781.64030999868
911,2300,114281.62425739298
912,731,197001.6546580649
913,2230,246033.87806157125
914,1688,294329.93594461255
915,880,248657.75924575859
916,1074,328216.72484943626
917,771,171720.67438164627
918,724,146893.20265949226
919,730,138760.28005131488
920,273,200166.78017140512
921,2793,211429.51715755076
922,1789,232646.3940682423
923,1900,130150.77324729989
924,677,74162.10691475852
925,747,133400.62258681864
926,1038,106001.73617424007
927,1763,256887.28878507105
928,1283,116247.28364924433
929,2803,142047.93089527037
930,1927,130028.5375521033
931,1036,104601.0627755312
932,1237,146212.9309222883
933,1375,119264.22247769815
934,1643,436727.3255991213
935,2453,293387.7995380382
936,2129,233652.1098666563
937,2640,141466.92847327085
938,2437,179154.40358150154
939,1123,215169.31121826646
940,2398,371130.8178345199
941,1420,260355.70444495132
942,2693,70114.4040641575
943,1370,64480.188745373
944,392,186041.71002371877
945,1351,117378.38193625888
946,246,253686.4442449942
947,802,292643.6724951741
948,1404,189655.77332259773
949,803,262558.9928372626
950,1595,112893.4577817767
951,1319,159983.17352223783
952,2231,285545.76802852436
953,2162,203412.89807812194
954,2622,108872.17717227845
955,1300,91327.58813308002
956,2505,165641.50101594505
957,582,188079.39903160787
958,1458,236309.66112710885
959,281,98436.21831017331
960,1499,113583.25319359393
961,2298,127252.91396798984
962,2580,161173.98779708863
963,568,173560.5179899613
964,1807,156233.4216395658
965,129,156107.22880134723
966,2294,215648.2588242828
967,1860,184659.393819994
968,839,213486.52866089024
969,2349,182599.70532070383
970,1903,57130.255204517816
971,234,220307.52001829667
972,2172,144436.19174830342
973,2588,132630.60419879408
974,1289,254582.19724729453
975,1596,130154.50932575994
976,264,270784.9357045354
977,451,251415.33702646068
978,536,145313.923788973
979,43,310421.98284978356
980,2223,229038.30265701894
981,2009,174358.17273954581
982,394,141633.92853449134
983,1738,179837.62508643483
984,1196,152539.43914338326
985,828,204898.1039609618
986,1694,415655.0508920034
987,571,167101.8058910448
988,1192,238021.42524424184
989,1806,266055.6784381761
990,962,222440.34219368213
991,2142,124989.73825993117
992,1648,217737.2783246672
993,618,194793.13539902438
994,2108,208184.30455606172
995,772,141930.06856216167
996,2672,141970.72311151196
997,2492,105290.49157918857
998,2903,351457.66501055274
999,2783,151637.3538885435
1000,786,206220.03881638937
1001,740,115876.4173304043
1002,2546,168173.1617207233
1003,851,207910.49075499678
1004,1833,341816.3808900868
1005,76,113845.55830765473
1006,2151,261154.30840913893
1007,1880,90979.20962655878
1008,2907,188392.74654950344
1009,1831,188501.93237946543
1010,2836,111755.36609189298
1011,1955,132709.582058287
1012,1926,112798.85216363725
1013,2924,163224.2580679067
1014,1003,215511.20404297806
1015,1667,140596.08682183744
1016,2905,203655.1525475644
1017,921,166760.2354908999
1018,1780,228004.1340662856
1019,746,138561.4621912736
1020,254,300556.00226526
1021,606,174139.7867996806
1022,2703,99807.0543885858
1023,1306,80226.08334352689
1024,2102,206441.33896900824
1025,1784,218296.25147138245
1026,941,158319.44764987388
1027,2699,137231.40931333177
1028,2127,126495.70134088397
1029,2607,153027.56189811748
1030,1754,179855.03099205074
1031,1367,128635.0199976518
1032,580,153464.8830288705
1033,341,216349.35753641799
1034,26,136840.9213236999
1035,2667,345968.60719861917
1036,2884,334532.7109245212
1037,28,95823.51294452384
1038,531,191032.81911488777
1039,2189,120882.16397654575
1040,2508,147858.5870667692
1041,573,178564.7261858611
1042,1363,116691.91550910177
1043,487,170659.43000905795
1044,1083,189625.6406755399
1045,1620,157686.28291881253
1046,1929,147954.20540635512
1047,1820,140251.10125421785
1048,1398,144943.93208583223
1049,2177,160449.01643013753
1050,2144,120241.58716597925
1051,2697,91866.9466328525
1052,1403,220592.4577867661
1053,596,120013.44829053049
1054,922,153335.53247259805
1055,2065,165802.2623412052
1056,1710,316611.27678548126
1057,1034,140269.27730802563
1058,1057,387832.6396973238
1059,470,196493.3947839875
1060,819,371440.2820698316
1061,2160,197247.34250657368
1062,2552,125220.63784318842
1063,41,246535.28419672744
1064,742,136696.77186581443
1065,686,122339.64995761836
1066,314,191905.04248395385
1067,1630,172046.5355122154
1068,191,141292.74719100795
1069,1626,211170.39508015302
1070,59,216473.4612573859
1071,2632,121439.09345283525
1072,1835,208120.03246880686
1073,2675,113318.50381877566
1074,1503,113774.14013073349
1075,1963,134315.15871029877
1076,1352,176891.33741036098
1077,1519,164972.8680503614
1078,1305,104247.31885608759
1079,2014,146404.57836676092
1080,1,229110.04804880897
1081,1052,411161.86496387597
1082,622,141048.1823720286
1083,913,156197.51353906715
1084,1058,387787.3517803545
1085,2348,226549.93916016218
1086,1527,142055.243368869
1087,1011,371726.863403374
1088,1332,89458.56828444771
1089,709,37437.85171083489
1090,209,215315.00274128403
1091,619,190196.1129735943
1092,2150,198614.12613143463
1093,2704,79037.9911732368
1094,2839,124556.04500564284
1095,1242,146238.66969626822
1096,2714,158893.54861442433
1097,799,114645.82741605284
1098,1260,75656.93226504636
1099,2107,187931.0918354821
1100,2486,123664.65335599094
1101,1911,147926.3206900113
1102,896,126422.09128953813
1103,272,212638.13726685624
1104,2521,188223.40460892182
1105,2324,172628.96483717504
1106,1953,185912.8551660486
1107,887,103597.4672154431
1108,1479,226723.9823858738
1109,1317,169317.62878982513
1110,1750,221268.74461757502
1111,2815,185997.2810103162
1112,2692,118336.4523955837
1113,1090,194545.06656659613
1114,1912,141844.9971478606
1115,1634,223346.1366100036
1116,1974,103412.9627650213
1117,1764,447841.2685607753
1118,634,148172.3023400527
1119,1683,136231.69432054786
1120,2199,144822.11345612584
1121,2789,139526.32720880723
1122,1018,252738.36889906524
1123,14,206905.2587805015
1124,2782,125716.96246069399
1125,2626,66486.66353302037
1126,1175,223534.22745530517
1127,1232,190139.01606399444
1128,2590,132719.9786686912
1129,2463,235750.2561039311
1130,2358,170139.43273212845
1131,2911,182441.27932914373
1132,1699,252820.856599106
1133,115,189087.87669682037
1134,1998,202942.64902364797
1135,589,146877.02167918519
1136,1641,283566.20502292394
1137,2821,131110.26086257037
1138,1846,168724.70163752566
1139,1805,241647.23373968474
1140,1853,323517.0337445411
1141,1321,312735.9967970575
1142,564,270685.5159649306
1143,1771,274299.77694135485
1144,90,209631.703354806
1145,2684,78523.60337679149
1146,13,163032.91343650184
1147,445,294071.3669039547
1148,1914,101818.96821413076
1149,2811,235064.23184615048
1150,850,195452.11561430793
1151,1844,175133.8152792637
1152,2225,204415.19385745103
1153,1477,189474.43697248312
1154,399,110118.16782053678
1155,2431,188983.93226765256
1156,1605,136867.5569707665
1157,897,87168.17781096554
1158,1426,389826.322633917
1159,2240,79281.18979689218
1160,1706,349366.19556516863
1161,2252,217849.38152947545
1162,1136,162557.5583712729
1163,1877,142653.99169001594
1164,424,450012.8360161154
1165,1182,161933.2818053358
1166,2750,199608.83011987378
1167,1016,191917.42684274146
1168,2436,181456.6490108679
1169,1607,119647.86463249622
1170,2337,444472.0451202836
1171,1233,168231.71177675645
1172,419,105304.00024362732
1173,633,173563.67549562897
1174,2722,196645.1271200705
1175,469,193864.17127770087
1176,1365,132008.39608783025
1177,1098,185589.6263545243
1178,711,86562.13622172487
1179,2808,219809.49521256256
1180,1959,168296.8271802853
1181,2720,182335.83031673214
1182,2170,118038.30515360185
1183,603,146701.84389277958
1184,2113,182823.9651468609
1185,1146,170246.86125080363
1186,2105,210912.0979595775
1187,1786,249159.77012930563
1188,961,350242.6873183937
1189,1405,129488.69954928872
1190,1324,123501.89903726385
1191,1986,88400.68143408671
1192,307,102366.11879935583
1193,180,152142.4056148735
1194,2896,172264.77913750947
1195,668,171061.8722327018
1196,1582,186525.99286491913
1197,2285,135893.51687010934
1198,2079,215379.615310632
1199,2272,248511.5004867628
1200,2250,143819.99253349812
1201,502,302271.43816388864
1202,2166,179781.56335349914
1203,1622,172849.07612072473
1204,1299,96559.21623582323
1205,832,174389.0543428626
1206,2470,214681.22774255846
1207,1017,217135.77549951297
1208,1384,127475.05105957383
1209,1790,226246.85025255266
1210,2530,181255.84357834808
1211,2893,216515.21643559725
1212,2027,145748.66737713644
1213,683,101984.78247670883
1214,823,219452.90885116076
1215,2374,132736.99119565263
1216,1594,121149.60594860345
1217,2049,107717.50127825384
1218,1813,180439.45149790763
1219,365,180243.5286149898
1220,176,66388.15044991723
1221,510,271223.0166557067
1222,1326,105697.76040495801
1223,2423,196336.66899236845
1224,1631,159632.13511672252
1225,1263,177337.45287536102
1226,1046,106016.35345657472
1227,47,467888.94228206936
1228,1424,192777.06074376698
1229,429,362942.38096763066
1230,1031,201535.2047012271
1231,1635,245477.78916469857
1232,309,271377.45156900916
1233,1020,191026.62239030888
1234,178,130524.47216350868
1235,1975,119539.54706421719
1236,2096,217509.0601798681
1237,865,253734.21641328163
1238,385,248582.6449211684
1239,1362,147888.53339331737
1240,1091,211116.0169688604
1241,317,192962.3542359184
1242,1076,221395.1642679685
1243,1573,284299.7850473586
1244,485,257675.44200143748
1245,2021,105138.4313900368
1246,2032,129513.41501453044
1247,2604,90731.32568665037
1248,1615,289061.618233355
1249,2736,227260.97063742176
1250,473,173442.72250456657
1251,1316,159323.24368700388
1252,244,99124.91230414619
1253,152,108513.79572522246
1254,1588,298964.6239325684
1255,2111,178481.2162379966
1256,813,147961.9008629399
1257,1854,238286.63768085802
1258,2575,150120.50470983156
1259,867,319436.40679033176
1260,2879,109304.67428822568
1261,1494,193272.5768205909
1262,2771,177564.02800349778
1263,496,338545.4656567377
1264,1651,197265.56337940888
1265,1913,167644.58968272584
1266,2790,244841.5053646077
1267,1541,231131.1423936552
1268,1684,124056.17652222843
1269,301,251527.35723038594
1270,1569,128701.2091034045
1271,2153,276904.3353736734
1272,1467,212356.07942394755
1273,2540,167242.66275166703
1274,2368,109739.2080579432
1275,874,233967.84448064314
1276,463,200074.23047454254
1277,784,129330.59641346693
1278,2149,223651.67572647677
1279,2069,149718.72918300654
1280,1743,218451.74360741084
1281,472,190769.4928265434
1282,1921,155040.1141746025
1283,2778,221251.39405726193
1284,526,241463.74345714092
1285,2795,199652.9744208387
1286,478,195361.63599255861
1287,2841,110421.48499806171
1288,119,169058.20983289427
1289,1960,111417.92839040763
1290,1277,126083.32435509106
1291,2466,190274.94164761982
1292,2844,24628.57581566996
1293,1028,282375.8147860939
1294,1043,96422.72456594648
1295,231,68393.28381807944
1296,461,305797.67631256784
1297,33,129959.93149152998
1298,1795,206057.2202793354
1299,1073,323240.46680687915
1300,1576,252985.99280526437
1301,2044,67229.05899507967
1302,185,129706.16132107023
1303,1828,265485.3620971715
1304,344,335878.4712629869
1305,2152,239934.5094839411
1306,1752,172259.93699450186
1307,2637,92938.47045550855
1308,1000,307932.93320679554
1309,727,63590.008821326046
1310,2612,107042.49982440204
1311,2422,200620.30848723365
1312,752,156906.82970767748
1313,15,235907.72698523512
1314,2319,240764.89746146655
1315,2681,135790.22627122817
1316,1006,185499.69689074814
1317,2596,91109.90576103302
1318,2002,204257.33699228193
1319,55,186245.1746580079
1320,2104,335223.18824496993
1321,1682,150265.57373947726
1322,977,161575.86695355678
1323,2548,143276.1303326257
1324,340,258128.0511971176
1325,1487,158869.22511416714
1326,1423,210016.7207692131
1328,1949,133151.07201298483
1329,2444,265311.6380315441
1330,345,183091.59221271655
1331,650,117814.76112454191
1332,192,146741.07463285688
1333,1945,171605.7545517951
1334,2277,275354.88697474275
1335,1266,244173.38893496542
1336,674,183569.42900880653
1337,2823,201106.39486318728
1338,2772,200013.6161503494
1339,2015,132366.16743138936
1340,2642,148812.5804482241
1341,144,144625.43727917795
1342,1712,320464.66770979756
1343,1708,345524.37030048843
1344,2890,166820.44874345342
1345,1157,149485.27033716202
1346,2550,158991.3778611169
1347,1104,276591.228111165
1348,2183,151678.06365668683
1349,2887,161918.5990257077
1350,29,189481.14244539413
1351,108,192088.27834871956
1352,2286,77969.59778832951
1353,1533,175008.49891472905
1354,376,191950.44884720645
1355,800,171529.24667452718
1356,1395,103388.28882626559
1357,388,213373.09278309255
1358,1689,334319.4083898329
1359,716,146876.39409209375
1360,2737,196267.15645673993
1361,120,117115.93388074414
1362,1230,162349.9610273642
1363,2047,114384.48837026171
1364,1293,206700.10693769626
1365,1915,135311.36028835457
1366,1968,144494.6117875686
1367,1766,296562.7013844463
1368,268,212283.50281844614
1369,729,202932.89260657254
1370,902,78808.1029814669
1371,993,179616.39497201203
1372,766,45661.37301758258
1373,903,135951.48528250525
1374,1221,54225.77239796985
1375,1719,204364.01119057572
1376,1521,140060.53657562291
1377,2707,96744.0727020199
1378,987,137769.38329540455
1379,2558,122883.03690820344
1380,1778,335153.2055194961
1381,2601,141236.25023976437
1382,74,193492.94433314315
1383,2190,100175.44268498039
1384,701,89376.84598223743
1385,2556,78788.08990673037
1386,2293,155726.12610773358
1387,787,134638.6417757231
1388,595,151689.09556349574
1389,66,355255.34783199476
1390,846,200058.50111373127
1391,594,113157.91292457037
1392,792,157128.4586871158
1393,1200,318495.29681072943
1394,768,95142.18994738707
1395,174,155336.69527930324
1396,1889,142792.6953623827
1397,1023,267313.063088129
1398,363,168688.53076315278
1399,1401,229288.18355822517
1400,1978,138308.70974023757
1401,2097,347534.17641834874
1402,2840,134562.97593274544
1403,862,126957.7911680041
1404,507,239923.30411377898
1405,1262,126217.10125921108
1406,1228,108778.0112617951
1407,1288,109403.23256782566
1408,1243,179124.98241260677
1409,1850,247706.1012751367
1410,1589,206972.3205668007
1411,1658,177864.20653023885
1412,446,259893.6886304263
1413,1097,233126.4339484732
1414,2329,282035.92510099866
1415,1909,119755.71148806775
1416,2608,155323.53233356721
1417,656,121241.02054645662
1418,1690,333373.98835507047
1419,2853,109280.57930754742
1420,2229,232977.44306176662
1421,1127,316808.1531356338
1422,2606,149151.6215463099
1423,1268,118587.463583656
1424,2809,209542.90348321345
1425,529,259074.42132515053
1426,476,213583.76971766647
1427,2566,142540.4683643603
1428,1902,13701.658967852942
1429,1547,58621.6844666612
1430,1185,204402.1406807052
1431,2372,107657.0672763654
1432,2282,154296.4550191588
1433,910,233944.5120302752
1434,1128,198867.69724147388
1435,1659,170414.59793396646
1436,1852,274628.48058979644
1437,456,213778.45644118442
1438,2410,199837.71809441186
1439,1296,120220.04423459068
1440,2682,118725.60104039629
1441,237,150707.46505060047
1442,1666,148793.64750749446
1443,2666,118977.09837186206
1444,662,165920.738332638
1445,2490,156503.84297762692
1446,672,138877.2608816738
1447,2915,77955.84706855447
1448,452,198772.99357414144
1449,321,213615.05225427484
1450,2124,195389.65112939454
1451,1278,146416.75021056447
1452,914,153461.3014026318
1453,579,154283.19022215495
1454,1418,96291.93463682121
1455,1166,163632.7238039969
1456,1797,188034.5465198502
1457,2568,125542.56956951781
1458,2075,149957.76943707617
1459,2445,277535.07983727613
1460,229,279144.42239059584
1461,1663,125187.68535946101
1462,2727,150362.49723351136
1463,2226,119493.38252272485
1464,130,133486.83890437786
1465,1675,183094.43780373034
1466,2038,104523.30034318626
1467,2416,194947.5238379514
1468,2507,143541.32044657122
1469,269,142047.93089527037
1470,981,124257.13631992282
1471,2296,174633.16542244228
1472,940,127821.82472103764
1473,475,191914.70563733525
1474,2404,217841.56571808632
1475,2491,110897.83125861519
1476,601,113917.61519758792
1477,1640,330834.615889839
1478,2926,153814.10323429698
1479,653,128580.74106349028
1480,2406,214705.3758207038
1481,2701,130428.44363063981
1482,1472,229253.3826170916
1483,417,143201.24397924615
1484,2664,120004.3734910845
1485,283,130856.70950042934
1486,302,115076.3117196462
1487,2053,164084.65614905872
1488,2662,96879.76230567574
1489,99,158678.78921727717
1490,2674,165580.1336986573
1491,1218,130350.73311193952
1492,2547,174757.95954272558
1493,197,136720.29806371592
1494,2091,196233.16559974747
1495,87,108041.09881671949
1496,690,136914.07875178184
1497,2364,186646.08755328218
1498,2050,161249.39652747306
1499,769,149022.15037352347
1500,348,364943.71820936527
1501,200,133103.8870777062
1502,2759,235965.02848625102
1503,1700,345631.34648449114
1504,876,177038.23039119365
1505,2536,129449.70836053105
1506,1821,125440.03991377994
1507,2743,146111.74415251106
1508,1329,152793.4310155041
1509,1451,111962.69756872766
1510,936,124991.09691116295
1511,1948,90105.74871093861
1512,1839,226184.71357577274
1513,2057,112952.39405815462
1514,558,108118.06380854908
1515,2731,189925.1976518701
1516,791,97973.73998272081
1517,1421,223939.39554114334
1518,2881,48586.02992251044
1519,2820,133877.1503376509
1520,1609,122648.37861025977
1521,1495,160547.11058558314
1522,2388,300257.07118044666
1523,938,315646.037866079
1524,1194,147023.75151257412
1525,2429,257368.21757572115
1526,1937,117827.72463959557
1527,1847,174545.45044525343
1528,1550,103242.47002245416
1529,2705,165954.23499805527
1530,2713,138515.14011626522
1531,1938,139347.73325753195
1532,1819,117761.78505624269
1533,23,207722.1053096329
1534,2289,81752.60648359788
1535,1156,180678.14134124212
1536,2717,182083.66245756383
1537,2101,234553.87635570107
1538,1377,133685.2047640292
1539,1381,138027.40537820634
1540,2502,298395.4402814101
1541,2609,144706.81477644952
1542,505,336477.4449099082
1543,1126,231415.30435096152
1544,2914,72766.06388447121
1545,393,128082.16460900402
1546,2405,316176.23290933797
1547,67,234223.21568039243
1548,2227,194183.03338343083
1549,669,133597.7068007373
1550,1772,288760.9868051183
1551,1775,294327.3503700191
1552,403,104738.35456989413
1553,2792,202157.37666442676
1554,1247,133835.95038857113
1555,384,246913.43537758946
1556,91,232280.9037298402
1557,863,238367.82398093055
1558,1857,209302.0082951018
1559,1870,236815.03189074452
1560,2318,245341.43688589655
1561,2100,280772.2342170457
1562,1213,192056.03792143048
1563,2046,232807.03278303376
1564,710,61547.93385702577
1565,2268,216544.09071233554
1566,816,289800.1486057168
1567,1616,215180.08780391264
1568,2233,136718.39380560338
1569,439,358035.20511007763
1570,260,160717.98946667058
1571,2523,336924.4097580698
1572,627,210047.2620704356
1573,251,195987.52593457612
1574,2163,196550.95302347172
1575,2819,106742.85239484614
1576,1025,171734.34795798603
1577,2592,153898.28845934675
1578,1491,147122.0382227311
1579,2742,160537.44388838328
1580,2497,133382.90105264055
1581,495,298661.0802606533
1582,2528,243698.4714361879
1583,1033,269323.5821951267
1584,764,157243.6379592579
1585,1165,162320.86417230056
1586,2037,180258.37414745614
1587,113,209691.14862771297
1588,1572,195181.317302193
1589,2052,110813.80744477428
1590,2702,127644.1212070882
1591,1981,132830.1365756742
1592,2335,454713.67733615125
1593,563,107741.13402058114
1594,1502,71043.31918216562
1595,1310,132885.24835501364
1596,2598,110561.51848773539
1597,2715,165244.2681818147
1598,1810,196660.8509138588
1599,778,146009.83722154217
1600,339,139940.49976394046
1601,2460,225163.13129162497
1602,320,220077.80233772052
1603,2461,218255.32931880307
1604,2449,262747.683923037
1605,817,284246.02063345164
1606,1096,172695.49088013396
1607,1893,170517.98276015092
1608,479,196404.1570370186
1609,1657,175409.406641991
1610,937,213721.53405207317
1611,879,142047.93089527037
1612,945,341467.20213284646
1613,1010,243993.33161999698
1614,2861,174639.44942484976
1615,1245,128555.38349566377
1616,854,128815.29929230586
1617,1437,195023.99110692224
1618,586,232319.6827195197
1619,1947,103383.1657580811
1620,815,112591.12019436978
1621,831,267669.42758181505
1622,1919,146318.39495007467
1623,2306,155432.19496862168
1624,430,382317.26571790955
1625,2618,276897.3733008881
1626,245,178019.2958591854
1627,462,221366.2553463053
1628,182,62789.3971872586
1629,1625,170609.12545158577
1630,2381,333156.638131174
1631,1827,113610.87333439002
1632,1580,181257.00342255153
1633,1803,293151.77023338637
1634,1132,163419.57295323192
1635,1941,147588.59759479138
1636,1742,211260.97388504303
1637,2026,143712.86248501332
1638,2245,127575.56599137385
1639,1691,403367.2902487529
1640,725,125927.891696834
1641,1787,239166.92360341182
1642,1216,143533.5116328443
1643,2654,48979.4956026616
1644,2310,213902.06523150616
1645,761,115496.52540196138
1646,1884,143935.89177181164
1647,449,388846.59325904516
1648,856,148853.2610020251
1649,11,171802.62757439367
1650,389,161767.81818156905
1651,2415,230650.7564832517
1652,77,197779.84883940945
1653,1238,139784.45407589903
1654,223,132623.09230754554
1655,723,95948.2531648588
1656,2562,180241.4667551658
1657,995,197473.7342809634
1658,287,133021.29267297566
1659,1152,135526.572488489
1660,1449,142225.21783742466
1661,1330,90414.69175990361
1662,1134,193705.46975981374
1663,706,125138.01834742306
1664,1617,169109.6119357312
1665,1339,127269.02548190753
1666,1664,137595.4607262352
1667,1433,146666.00603965772
1668,75,230754.48624847882
1669,2255,150288.74066841553
1670,1170,260062.77797358757
1671,45,444780.8652553805
1672,836,155877.63417538904
1673,8,217737.15276209038
1674,1704,301865.8921477145
1675,2068,162327.859804511
1676,1488,123002.9398552682
1677,1391,180170.86574544176
1678,2633,139061.44162513406
1679,1872,155665.11319828036
1680,1138,178166.9494546725
1681,1899,87838.02252859077
1682,915,161752.36546048225
1683,660,140142.69306768762
1684,2004,87824.50843055814
1685,443,337882.6172838886
1686,2627,62013.172484167386
1687,1438,210483.8236084337
1688,1525,225252.6547919872
1689,2644,112239.17023941514
1690,866,262620.80507742777
1691,620,122291.62226857475
1692,2451,438555.4442970904
1693,2186,105443.54863618212
1694,2025,115807.87253401453
1695,1916,172902.29413313352
1696,1542,222526.06375021534
1697,1163,154104.50082930506
1698,205,124120.27761273523
1699,2261,266513.88842248643
1700,423,445459.2039232983
1701,2687,237049.0925482289
1702,1436,200366.15773523902
1703,444,300432.9762125592
1704,1067,264515.26100281987
1705,2290,69907.64297512395
1706,168,199936.61157170637
1707,2643,115595.27153849418
1708,2802,234313.9224089433
1709,1224,159228.2099495455
1710,1382,131264.13680241635
1711,853,121469.4321821424
1713,2585,136160.44998263166
1714,2193,104771.27195313218
1715,2262,245890.36079479262
1716,1528,91965.74286408197
1717,370,203183.18680532137
1718,2629,147592.56312295032
1719,1703,286220.5630374135
1720,793,83114.20074563684
1721,1429,248630.32346460922
1722,648,102115.82229647142
1723,279,146959.43583110292
1724,1705,379020.95678406605
1725,1257,138883.34962140562
1726,2894,235480.41828056052
1727,1062,294174.34357635584
1728,1729,174851.03096305305
1729,1925,188062.05149796777
1730,415,140470.12237349094
1731,78,109489.66456497082
1732,428,371020.6978847107
1733,1756,177208.1677148637
1734,1280,102892.00856275253
1735,1928,181602.1208008175
1736,2671,83214.29121990936
1737,2501,365944.25454330316
1738,225,119969.90993810898
1739,2317,296106.73461140686
1740,160,174585.93031286515
1741,100,293465.0471431864
1742,482,185979.1972248263
1743,177,123294.8004154652
1744,1971,156470.29850019928
1745,484,234069.86921567924
1746,1561,342681.53861014557
1747,992,194914.99229376696
1748,73,227554.75437649508
1749,2646,105189.93109033967
1750,994,167261.12745255945
1751,2138,136845.2301266119
1752,2013,105884.4306952994
1753,2126,152054.10369124747
1754,898,93741.50556004848
1755,1048,135923.23737687193
1756,2676,124368.93113377684
1757,2498,119592.96084948364
1758,1560,321885.9752553442
1759,296,273468.22925782297
1760,354,173268.66752475273
1761,970,133253.7230426948
1762,884,170249.39555056984
1763,1894,208566.40921481798
1764,450,276562.2273665539
1765,2031,182560.3779946174
1766,949,253789.83341761984
1767,1907,144135.04241517698
1768,1906,173700.24635825644
1769,549,154283.26902839274
1770,243,128924.91084520143
1771,1697,298434.83093284373
1772,2365,106137.17530890573
1773,310,235315.7719840108
1774,1961,107372.79396276058
1775,849,215909.14548445394
1776,2018,136013.85171095023
1777,1328,132559.5808519791
1778,801,157376.32421165466
1779,400,113116.53718251454
1780,1650,188753.13800085982
1781,1084,182516.02172868358
1782,1522,186501.1320835989
1783,2496,102326.49836020068
1784,220,163590.8127799757
1785,1254,158275.59083370466
1786,1443,215753.2362582386
1787,2885,280286.7332648579
1788,2920,81635.80523013094
1789,1197,158730.02457601152
1790,848,215608.77936115384
1791,926,214237.77601012695
1792,2158,235609.178580085
1793,1555,86545.01801851807
1794,278,112433.70690291832
1795,2522,187443.12509661494
1796,434,439875.1480500723
1797,2683,123205.06661816365
1798,2173,140586.06181916647
1799,894,103266.36587769166
1800,1066,263461.790113294
1801,1261,178340.6383078888
1802,537,212805.1081557877
1803,2301,155440.28753759013
1804,2854,169819.27729821618
1805,2649,87280.1201418522
1806,2776,207962.82612710912
1807,2403,269900.6785155769
1808,2355,184319.71379102158
1809,1983,106606.73198886435
1810,547,193546.18412687076
1811,1842,169081.63933551623
1812,2748,250207.35998280323
1813,2425,194987.4243872804
1814,2837,82875.79363230593
1815,2456,285813.4774786219
1816,2114,249923.59842303797
1817,1890,110871.76077066323
1818,621,159124.42360324456
1819,1427,366470.4254994265
1820,1728,186718.80101326705
1821,2472,211960.7809964568
1822,610,179589.4328955911
1823,1950,91499.32571204481
1824,94,228686.08800251217
1825,1745,198101.5399580737
1826,744,105838.52375630126
1827,1859,186846.8107898169
1828,2343,205912.9496856826
1829,1713,249825.72316468458
1830,1816,130649.36524548032
1831,2390,278704.2230359172
1832,364,226050.07972731802
1833,684,136226.84435707433
1834,32,98371.65300013183
1835,1698,383691.3254855399
1836,1129,239470.6575746978
1837,165,124202.3456976561
1838,935,122074.85442881132
1839,1802,224524.83489161974
1840,250,232507.66246165335
1841,2668,87017.15459292519
1842,236,72184.1190019308
1843,2117,258436.32754230837
1844,2029,81816.02299145091
1845,636,158693.947794991
1846,1155,140261.442249334
1847,739,117528.35330313307
1848,1608,169919.64054116735
1849,1087,188408.1886560884
1850,1774,289445.0403626602
1851,2816,210330.0841787047
1852,2194,115488.51626789667
1853,523,226470.2645503431
1854,2767,263780.94299123215
1855,1837,230092.41407043734
1856,2284,138106.3533774994
1857,1434,145531.16307376625
1858,2794,257894.06395168178
1859,2625,74162.10691475852
1860,794,129059.33682772744
1861,708,78982.79632008074
1862,286,126904.95036570242
1863,62,253785.5962636731
1864,1647,189096.78119414748
1865,2054,127825.52001584423
1866,1102,317929.66059545893
1867,654,136136.59951397107
1868,1089,163165.79992749024
1869,604,167009.49650828025
1870,2838,124596.15863044464
1871,2777,198779.499960582
1872,1723,320452.00417307473
1873,349,163320.95084059454
1874,2313,174216.49552641675
1875,2279,157450.60296769947
1876,1346,167180.15760835944
1877,2770,147835.81619527828
1878,2923,172879.2694914029
1879,1619,182851.48620755627
1880,2178,159993.42406534194
1881,1160,186848.7461638185
1882,1755,217370.50583042193
1883,2412,184356.6078860272
1884,889,152379.38126490844
1885,2181,154818.896389016
1886,1186,195546.3216671151
1887,1613,196448.87155522176
1888,411,140193.94812696078
1889,810,150078.61910425534
1890,548,123447.61836181671
1891,2179,171508.73224371384
1892,2746,115328.97129860085
1893,1486,80525.91258234992
1894,2168,148975.30608755798
1895,2061,128561.35373208942
1896,1131,196750.90720215434
1897,2738,327663.8050739409
1898,929,202056.90215151294
1899,362,157679.67347000784
1900,652,166560.7614936791
1901,1466,187467.4190709444
1902,2087,156899.42581174258
1903,1442,213797.65207976196
1904,2744,148490.47861350645
1905,1511,148953.2477489471
1906,2175,152804.112137908
1907,1236,124496.28628113684
1908,2448,277863.51195383735
1909,60,301170.79062401794
1910,346,267853.34810549347
1911,678,130140.45195469708
1912,2481,172621.88604628225
1913,2729,136883.93377697794
1914,453,202236.51297389393
1915,2234,91677.76742206932
1916,2007,140349.6612694267
1917,20,219525.7163427473
1918,2217,198818.7143416972
1919,232,117432.91028135917
1920,1982,129032.40971711683
1921,1570,185932.86231358882
1922,195,121674.92423649141
1923,2307,156776.1180841009
1924,504,272159.10030794854
1925,1644,193662.55934943957
1926,939,239136.5668835918
1927,1591,131788.4341824795
1928,2001,158348.44274457564
1929,2379,341727.52449734486
1930,1100,300940.83644414233
1931,1118,243738.00040229718
1932,1593,152970.1349935391
1933,2338,175061.39212417242
1934,458,365940.5511200438
1935,1454,234168.55579960914
1936,641,162104.9542304577
1937,644,123896.3327173546
1938,840,207032.80390085734
1939,1307,285104.09222321305
1940,1809,165726.17054060395
1941,56,217877.40668167546
1942,1905,110437.27229155952
1943,2060,128365.83991640498
1944,1085,209728.49500634952
1945,305,84766.39850376992
1946,671,160207.60922232026
1947,833,252519.4582868121
1948,2891,200225.67649598105
1949,486,219268.9195339998
1950,334,122403.80918102016
1951,1804,242203.4164100888
1952,2690,54707.09050801907
1953,299,187871.10231183673
1954,466,175571.07375261883
1955,440,319697.3110930158
1956,378,204892.09019089604
1957,513,230595.8529479945
1958,1597,106479.6895812087
1959,613,196078.58234453385
1960,2798,217639.70044468693
1961,239,128943.6085774744
1962,1080,214189.38206966492
1963,375,198583.82289587377
1964,1638,494537.8120058399
1965,2593,217277.88638217817
1966,623,141032.46869397903
1967,964,221287.27946962745
1968,917,145101.732959245
1969,122,182666.83607074586
1970,2443,293759.27924071345
1971,1354,151903.56092448597
1972,2058,116140.23733126749
1973,2326,185396.6809925261
1974,1222,130554.26488995871
1975,1251,93027.44111035253
1976,65,224297.81352196547
1977,498,309558.9989387405
1978,749,181278.43261340502
1979,1782,252326.7943321708
1980,477,170930.8038265097
1981,2826,137751.95696064294
1982,1601,75285.88124511226
1983,990,216649.9177058616
1984,1791,271178.04816589353
1985,2131,188268.9850340788
1986,371,261525.75665104832
1987,2377,135779.92568292038
1988,1832,164561.31713082927
1989,561,135221.16206040868
1990,1063,328396.78186562273
1991,325,129824.44404413071
1992,1577,146321.03039529533
1993,2851,140458.418670261
1994,1410,198262.9901148705
1995,691,104546.55036424696
1996,2691,114291.96155501499
1997,2780,206763.39069915566
1998,374,210802.60757181127
1999,1995,153136.7300579962
2000,602,119065.72009287041
2001,1422,225990.99766150708
2002,1056,329272.4198806779
2003,1151,128161.77608031726
2004,1843,170323.44577547172
2005,2595,101353.4422312834
2006,1041,99495.69956367183
2007,980,80159.4872521574
2008,1871,160167.52247145548
2009,2363,99837.5312393906
2010,2880,42808.82283923536
2011,1217,159312.98503581109
2012,1715,259456.7833711176
2013,112,246461.4006170962
2014,454,206611.05618857165
2015,2253,199214.64098564713
2016,560,132882.3067511325
2017,303,42771.077550019254
2018,1004,178091.16577538333
2019,2167,164413.80353937126
2020,2440,193984.93800109654
2021,2810,188348.3632114935
2022,2872,228551.69800511753
2023,1072,210746.84870227682
2024,1654,183469.1498859212
2025,2394,316767.48657015286
2026,2212,184886.8870437396
2027,2628,138721.72183678887
2028,2526,266417.9288770906
2029,969,382519.282856973
2030,306,106824.89245616356
2031,25,159631.86472542037
2032,311,167092.81615902917
2033,300,171640.58345473994
2034,2775,212011.96321151525
2035,2862,113750.54021502998
2036,525,263700.7574804547
2037,2730,127531.69956735244
2038,1892,150781.98590925286
2039,2288,85353.42662062438
2040,2728,226304.32666187
2041,1065,377157.6375746821
2042,2842,87194.50771885444
2043,2011,128477.47128991043
2044,1140,179646.65900436958
2045,1051,381406.3189248184
2046,1587,253410.34182836523
2047,785,101233.95289474669
2048,916,182784.61426336202
2049,639,132541.63088976653
2050,10,195036.88388326904
